feature1,feature2,price
0.30471707975443135,-0.059282646025932216,52504.417319065455
-1.0399841062404955,-0.7292869363736615,30687.078667444104
0.7504511958064572,-0.4144730658358585,56340.644558165775
0.9405647163912139,0.6339103777337424,66735.84124150702
-1.9510351886538364,0.002993291199955732,24504.336744338118
-1.302179506862318,0.34020997686833787,38779.5431144445
0.12784040316728537,0.6700792422021898,56753.42691259869
-0.3162425923435822,-0.3748414628976096,41539.96054587256
-0.016801157504288795,0.7562481636298061,57631.547590517795
-0.85304392757358,0.37884260345839443,43732.727054178424
0.8793979748628286,-1.2348130869114786,48777.45801514025
0.7777919354289483,1.4423047911862443,73537.71581502393
0.06603069756121605,-0.5007447437569161,47774.60647322855
1.1272412069680329,-1.6550953431851838,50270.83756469735
0.4675093422520456,-1.0450437095863023,49635.0906387668
-0.8592924628832382,-1.021045160678322,31759.075835719028
0.36875078408249884,0.05217331865753347,54800.27134559421
-0.9588826008289989,-0.2738505055462372,35312.154571649124
0.8784503013072725,-0.33683196764059287,58719.52353352314
-0.049925910986252896,0.6197019654824789,55073.40924301076
-0.18486236354526056,0.3398753611927038,50522.674736833076
-0.6809295444039414,0.31604787064428624,43172.24890150558
1.2225413386740303,0.40982845732869266,68144.01850396702
-0.15452948206880215,0.6161346680022383,52970.02538054907
-0.4283278221631072,-2.107953341777443,25996.227921721867
-0.3521335504882296,-0.3644382522644612,40651.172849039285
0.5323091855533487,-2.180210064489474,39793.75977893905
0.36544406436407834,0.03605992679779541,50770.97571417377
0.4127326115959884,-0.00463297222434532,55223.84335179898
0.43082100300788273,1.0455322747896802,62816.985647781294
2.1416476008704612,1.1876343927211208,87163.21626253435
-0.4064150163846156,0.20277504825236733,46005.01787567273
-0.5122427290715373,-0.5003610773968998,40839.4249533442
-0.8137727282478777,0.48516111254573785,43520.64539953468
0.6159794225754956,-0.5279176373243135,53339.03420254066
1.1289722927208916,-0.001392651443348899,64641.78109748399
-0.11394745765487507,0.9861363169607678,55827.88746934077
-0.840156476962528,-0.5577713459894236,36950.78383528188
-0.8244812156912396,0.8056786392425009,45061.10770998541
0.6505927878247011,0.6774013686923024,63668.2136672724
0.7432541712034423,-0.9547918171308215,52664.67510157652
0.543154268305195,0.973894128217401,65299.06048308705
-0.6655097072886943,0.6985663453715051,50477.081590610826
0.23216132306671977,0.10192588737265744,52456.183999815905
0.11668580914072822,-0.7623234580276522,43232.918168444645
0.21868859672901295,-0.85920601857557,44259.112349400915
0.8714287779481898,-0.5376625769030224,57146.50856997675
0.22359554877468227,0.54259446329196,57770.78669303593
0.6789135630718949,-0.9556251674013979,50655.346407122684
0.06757906948889146,0.4375122486198699,52626.61124916496
0.28911939868998415,-1.2417555288783926,44685.68949324626
0.6312882258385404,-0.20406858443884895,54105.85286807588
-1.4571558198556664,0.10964775457400863,35129.73657188942
-0.31967121635730134,2.4451301450589167,70011.14419889353
-0.4703726542927955,-1.3773156555203674,33886.67962418084
-0.6388778482433419,1.4720145664901334,54984.24455648758
-0.27514225122668373,0.14984241398728004,47157.7426438347
1.4949413112343959,0.41117191801596314,68513.35109731024
-0.8658311156932432,0.11834791338820451,39652.73087424139
0.9682783545914808,0.444726818195233,63537.81193901151
-1.6828697716158048,-0.15368510436201774,26405.575041091677
-0.33488502998577485,1.4540501814574582,60197.32100482384
0.1627530651050056,-0.4564711442247224,48710.56140450094
0.5862223313592781,1.1322345721792477,66662.0759246663
0.711226579792855,-0.6443671202130229,52916.24844801571
0.7933472351999252,-0.06025184640128695,58778.84542752364
-0.3487250722484376,-1.0719625522902192,38686.424738056
-0.46235179266456716,0.4550237203475199,48043.46257276253
0.8579758812571538,1.4451259569265338,72652.7591375352
-0.1913043248816149,-0.07735617982085408,46791.49221608626
-1.2756863233379219,-0.19688569870390954,32603.449194215587
-1.1332872140034806,-1.1146169630679268,25373.24647901203
-0.9194522860016113,-0.2292926535523081,34165.607746011505
0.49716074405376404,-1.5927942597215277,42831.23199927334
0.14242573607056525,-0.9128779867188273,44490.82997708602
0.6904853540677682,0.22678604610913541,58170.91756262311
-0.42725264633653426,1.3190131977413961,55373.36152834081
0.15853969107671423,2.809210861229503,74456.79202724234
0.6255903939673367,-0.5865850850709007,49580.392037951766
-0.3093465397202384,1.43530015664544,56397.555787301404
0.45677523755741145,0.2437524804016479,58042.21853450532
-0.6619259410666513,-0.15124764674637586,41427.495627322794
-0.3630538465650718,0.4325944517261522,47373.59708042872
-0.3817378939983291,0.06191648367995918,46152.14921720933
-1.1958396455890397,0.11039572561221853,38066.70089586998
0.4869724807855818,-0.4083331628266692,53742.61390529997
-0.46940234020272387,-1.3981096597988507,33039.3659586556
0.01249411872768743,-1.5436252025220816,37098.96333456916
0.48074665890590895,0.653244883281227,60050.90224661896
0.4465311760299441,-0.2767000900857134,53846.5030660381
0.6653851089727862,-0.5960888996561666,53508.56607013843
-0.09848548450942361,0.008505626723153567,49830.325208825445
-0.42329831204415375,0.7949322529156275,51477.68899847691
-0.07971821090639905,0.1803639430263982,51714.43893885556
-1.6873344339580298,-0.6560549366409674,24645.436098812454
-1.4471124724230873,1.2262929556489497,43622.02705031208
-1.3226996123544024,1.579185502981632,48067.32283115019
-0.9972468276014818,0.4945566553228533,40782.701366027824
0.3997742267234366,0.9736635113440901,59874.38274112784
-0.9054790553600608,1.241959996813811,51385.17059421159
-0.3781625540393897,1.1300993164045137,54887.83197883183
1.2992282977860654,0.6140991771126236,67931.80414708958
-0.35626397106142593,0.5983470470748828,49440.87947803389
0.7375155684670865,0.5196605733465026,64165.2828469318
-0.933617680009877,-1.0973376745470436,29598.371196805787
-0.20543755786763002,0.7007231568595857,52372.44243148643
-0.9500220549105812,-1.355813971126554,29854.546362530047
-0.3390330759005625,-0.7945994551250549,38003.8767286171
0.8403081374573955,1.3035650678080875,69314.9881553212
-1.7273204231923487,0.8402201626941975,36310.995935817795
0.43442364354585733,1.4873982896858626,67697.95243811802
0.2377356023322779,-0.27167438368729224,51423.9467100001
-0.5941499556967944,-1.1522488412767675,35019.06686827775
-1.4460578543884546,-0.24043719707034283,31021.67610179808
0.07212950771386951,0.1020312972405742,52415.88037889864
-0.5294927090638024,0.07898871634000969,43889.183332981826
0.23267621135470395,1.1336804787567016,61955.60582116513
0.02185214552344288,-0.36127042500344553,47533.3636163342
1.6017788913209154,0.35203447180292424,72360.26967400294
-0.23935562747302427,-0.9886271494346061,40377.524986221004
-1.023497492621865,0.450317278043813,42153.28683580537
0.17927563495631615,0.003108550185636745,52242.50152531116
0.21999668397176517,-0.7498133382845175,45427.764523973485
1.3591875752404365,-0.2358293621748528,64525.12289258048
0.8351112459145785,-0.18417574651522164,58505.90230150955
0.35687105914950934,-0.2701551293370962,52410.98404481714
1.4633028912195618,1.7713412422676835,85040.1525934868
-1.188763054322851,-0.09844600230787963,34161.61616185089
-0.6397515327497477,-0.24389611017733773,41005.246254272366
-0.9265759414055249,-2.0974509576101417,23704.174143119017
-0.38980980315576796,-0.8942073519794773,38315.62641744404
-1.3766861475563088,-0.26307342445635284,34881.946512431714
0.6351509468144043,-0.6858526761766428,51567.9310147625
-0.22222269709877338,1.381707593377797,58873.12221531716
-1.4708062945026579,-0.16493777539621862,29832.61364545888
-1.0155790812075416,1.2884442493182524,47593.31791734058
0.3135138474501953,0.061704634050368024,54629.20410740028
0.8381265678943811,0.037227836421576635,61624.79759956678
1.9967308916917865,-0.08879644771250095,73729.04136963679
2.9138624660073296,0.0037962516214591325,86885.39187906175
0.4144094332759964,1.7187950030498593,68580.82525782182
-0.9895381200318641,-2.3196107267512183,19070.403950849373
-2.132046280731309,-2.001545744438679,12459.05633663394
0.2677114623438358,-0.5431708310561139,49458.52737384017
-0.812941095310326,0.014527881937568883,39281.70759280882
-0.41535726017968533,0.6901044247640123,49495.15263258377
-0.6120967990598081,0.4730871980274752,45025.51612370509
-0.14079088641638526,-0.3842459128805702,46641.39609374399
1.0659802307876436,1.0190436932417624,70397.54637604595
0.15704856744534462,1.030195403152731,60317.18974805072
-0.1586348370386883,0.18405783127156553,49473.58159405086
-1.0356537528258116,0.9626575724868413,46370.65415789639
-1.674682944704357,0.2726452634321288,30814.850631678713
-0.4863079090733309,-0.5614830267828836,38059.08244764243
-0.05378255081832049,0.6978168390000047,55273.59006295258
1.767929913579883,0.11061312257867771,73001.50287063787
0.13027452147288585,0.001339846754486929,52072.811501356984
0.9827395110230576,1.4729535721895743,72362.32211614729
-0.49929559853915206,-2.4508721285400865,25417.703052346573
-1.1849437664170246,-1.4176841701595697,23323.4100510757
-0.9651167622323719,-1.18707042637437,28139.727475037
-0.7252260645357532,-0.3632606475688056,36975.27175793752
2.1284697324351645,-0.2546081697660301,75456.50895407177
-0.8213866792243861,-1.5073256477730475,29034.88697866401
0.838489203736345,-0.9851580323108263,53088.096249867835
-0.9029271780870264,-0.8608416785235702,34148.95756648079
0.9315730128742441,2.457424092075892,85057.24276345615
0.38495096610586316,1.8017419477471466,66469.5080193823
-0.1566378976580904,-0.4117494176846493,43718.78501531006
-0.040762526135434025,-0.3635832903067989,45677.92073765862
-0.6547876954293904,-1.1492039971882941,31672.686243766922
0.44607220148208054,-1.9081304132252668,38471.44824057726
-0.45498348034078,-0.11688018640852403,43155.6771485594
-1.2256057637672482,-0.9978519832440257,25485.00939590671
-1.2779375743196193,-0.08485053166200977,34488.50840617462
0.17258791772211948,-1.6002058490434774,39346.95570246054
1.579091256410435,-0.7619744583102578,63574.84240758864
0.15999161357343825,0.14862709530283086,53870.50880276129
-0.11863832610988256,0.3662095977839374,52410.52714909292
0.2858261396025429,0.41747195874201454,56209.5759399308
1.3060017417068248,-1.3204889841570373,58289.82413117611
0.21938250136385634,0.8546857301355617,59821.72253217391
-0.41092723083373717,-0.8002116966018503,35873.45252824316
1.1062887100598888,0.6328579146073064,66834.7642189278
0.4287564384616135,-0.010638676618193147,52449.2133650521
1.535755991995992,-1.3763874990779479,57443.97385505528
0.18323443722190613,-0.31619770458118795,49486.52377393337
-1.2244690317205003,0.3653637420637676,37526.64300901495
-1.368159199245665,0.612965380474599,41502.20182144959
1.6509279322312496,-0.14098789744441861,69506.70631833501
1.723665720783297,1.5317788906010528,84027.36731637751
-0.17951921328260065,1.007510770986559,54509.24537658811
-0.38318732113598775,-0.25665411639975283,41849.80187817361
1.4614442922422022,0.7501218121369445,73593.51425264741
-1.107045682043488,1.9337934851881868,52445.31040646198
-0.8947270189558264,1.960484600783027,52162.68522812261
0.6433267946890444,-1.2279998808224974,47625.461955414255
-0.3946051228595896,-0.9265331111571506,37873.58176073798
-0.005121866720071296,1.484918786733851,61495.16414457326
-0.16344289852451258,-1.0582810508376372,38352.35119248473
0.33757454879893356,-1.322541133291679,42661.26274637206
1.4074818613137168,-0.4861941306990469,62734.940499813034
0.09058490690174555,0.42022670947458574,54585.03259403271
0.6439387932768579,-0.10239670661109637,57815.27924025938
-2.0501721010310225,-0.6505636204055921,21814.710131809297
-0.04871840193011795,-0.674212461724509,43580.15789775164
-0.8432302702928711,-0.7123370644127087,33498.305947010835
-1.218813060423628,-0.8795096286589426,28994.649755946386
-0.8781523669287508,2.2816328772760617,58631.50198967977
-0.33412344070081207,0.2975110711855549,47719.306631186366
0.9159025423560131,0.8867590544047386,69270.49315895933
-1.326392717739564,-0.4890774681189237,31640.0456539078
0.030631492594417446,-0.18595667718604886,50817.45419213263
-0.4841694333335785,-0.713553981370355,41149.01630911395
-0.32767309436196085,-2.651708334919202,23554.631980313694
1.0027578253046041,-1.3780092768478662,51029.86700287109
0.5381154370039261,-1.8106186799803947,41989.35234913194
1.3373981074427437,-2.2497837779516074,47903.39671290131
-0.15450567924990047,-1.1953589742981028,37609.16567520116
-0.695942611670703,1.3249556793816308,50019.991090158
-0.22385881688049952,-0.04443616770435442,47097.224024842675
0.2424967912712216,1.290563762321174,62081.93810450219
0.17657335845371103,0.4109825769008753,55535.731137772964
-1.0843880722333665,0.7825588257151592,42056.7484263726
0.09048978162787422,-0.9008969953045751,42229.21389833138
0.22822833013890514,0.5239509541926708,57281.79513577357
2.5174740375339204,0.7287142340743459,86265.78461321157
1.8768446112816701,-0.5766472922336929,68777.8799544919
-0.8532433505588201,0.5595403706161663,47516.19840784992
-0.2873833615491761,0.5661877585748329,51496.83602682482
-1.4634420018370031,-0.5495526211300829,28769.89765951149
-0.5907070139634865,-1.122768432270995,32313.02638096922
0.3156050035903405,-1.1841283318982723,42383.87222709334
1.2058536208882336,0.08650554192146179,67536.53195619049
-0.7290838377436085,0.3270098687893148,42481.853227491265
-0.6541464400677965,-0.7925258304579145,34244.11996832016
-2.147289029738655,0.02658534132609864,24386.565991920103
-0.16266592054490767,0.5705370361384854,52477.01662250292
-1.062414411859563,0.6181907146653008,40842.793015342715
-0.5294394273660737,1.5518801201224885,55604.30800451737
-0.8768607781675882,1.2769808321980434,51537.58089604845
-0.09426255425255699,-1.001291432756544,39649.527473669266
-1.7577283913566313,1.6835862095380225,40285.44025347535
-1.4670452453909906,-0.5309765045557148,29561.535450212086
2.129247112028298,1.0448728124544275,84648.39321188205
-1.287422581274031,0.06798662605108885,34164.044102147345
-1.0967855784546396,-0.4121493784569676,31168.127506698205
1.836913528321314,-1.8076968597749328,56464.452426998454
2.905067169240407,-0.1715645102163482,83406.23329388018
-1.1715666288253417,-1.559383235305609,25214.642706476763
-0.36824895678803055,0.9672992358427723,51764.53344298133
0.34155555094050954,1.516792657139248,66106.22804613289
1.7286976444055924,-0.7969109892966902,65381.80080833593
-0.9868570784282374,0.30197074251927114,37001.57998883244
-0.24527784594210975,-0.7253915220079754,42804.21292453923
0.777337576061744,-0.6284847301367896,52526.49721333696
0.43476607446661863,0.7744947038653713,61911.1437647078
-0.37615607123009925,-0.03853826184341251,45547.845774907626
-0.13382296451604114,1.7396480419310116,63938.188348451375
-1.3748958083699818,-0.482232478702921,30469.77704127716
-0.23817374397466523,0.9993363324744892,51570.669994504955
-0.2663874900089551,0.09741341295778198,46405.48855282081
0.23216988962625595,0.7957780097442332,59359.57044749885
-0.555327218819016,-0.4471576573299467,39466.34228635255
0.471538522545139,-0.04955883755158271,55978.40766476416
1.0127158178198286,-0.11549887929893475,62412.648612951016
0.15542932766846604,-0.8360571148457872,46089.37261789981
0.35175640839920347,0.6620815345817527,59196.31676361277
0.053155347577867364,0.6502490055783642,53070.3506988806
8.439309141418043e-05,0.5935546949055667,54066.22840305928
-0.7215580335428474,1.5369656539176446,54261.58105103542
0.316494261673308,1.4493448012363035,63757.018671144404
-0.09728659841348947,-0.37494468984913537,46779.91539542741
2.093168308930595,0.37305231843417824,79465.02820054152
1.5733549024752425,-0.6236006892582127,64081.75378008097
0.3858465525565008,0.023355316114555456,50221.331360125856
-0.7630572096947675,-0.5997494491188647,34128.18534664417
-1.112411471983418,1.620070309136051,52440.908547121515
1.191142953088865,0.3636981503429628,66383.49395026751
0.2627492251471385,-0.21802912810442213,48432.54284223679
0.4801434033916108,1.193618571856377,67163.54049801576
-1.7445859869741926,-2.1706154097954116,11720.078265261904
0.9274384815581808,-2.0141025948652898,46673.851753212446
0.45442033821436295,0.7958386552197739,62235.191313159594
-1.110430684414478,0.06046844811736806,37846.41807628346
-0.47152480744994896,0.25044630026076065,46889.78658425847
0.2637172043565196,-1.3263961033185487,43599.67009361134
0.05246679835624363,-0.023233710850366202,53859.87756630614
-0.292171185803555,2.003509410401342,63978.53055750686
-0.10348826806596086,0.8241996197958629,52981.22876480707
-0.25197737820688537,0.1697065451428121,49003.91609557823
0.15256251210246857,-0.43905391010493766,50030.54001654494
1.471491972993157,-0.39457285186939384,66305.37207076696
-2.5666584409312976,-2.1291978892000176,1526.6081206356403
-0.23685026450968424,0.2576404209211606,50966.33686103526
0.17651242137244696,0.8454831084818539,60273.62752365101
0.2959939896870995,-1.5756193271706151,44805.74941433487
-0.37191458132128985,-0.661416892306816,39120.68728131722
-1.7567217824785826,-1.157464632233422,18898.520687788994
0.32799548371410964,-0.9653511948087635,45753.95767340928
1.727350214164185,0.05348162682190022,70420.72235948726
-1.5338614049161376,-2.0844021549884744,13583.414776453152
0.8638280136981883,0.614270438357064,61136.08641272416
-0.3285252231228939,0.7538550699336822,51436.48867141003
-0.0613243458288473,-0.2511025880369125,47809.32423530839
-1.052898510703949,-2.4807085099845416,16779.717023417412
-0.33445617235587666,-0.9964186260023896,40918.24869900402
1.3000445946989585,1.2329019341026966,75483.81432828287
0.582655241987707,-2.7779942807285725,36704.45224080011
1.732311605409944,-0.34752341219351923,68399.68258646614
1.1774118889776937,-1.180000778467259,55928.547404834135
0.4390866789295762,0.8045703015848366,62124.46489073395
1.743934526167792,-0.6751139521434614,67579.47964472116
0.43899315873829875,0.40395402073561154,58583.45909594307
0.8279881767970589,0.5654604191690931,65203.72253705063
-0.29657095353470836,1.83622583973002,61680.45467589872
0.06654581585920483,-0.20294194367537022,48742.58605371651
-0.6974238233002769,0.37604436962261134,45246.742555764584
0.989583934594853,-1.485055479127436,53346.14275141527
-1.1783036231148656,1.190413563293744,44978.069615828404
0.7823503424176613,-0.7605088480713647,53933.330663720895
-0.19065105750515945,-0.5607541640877456,45112.82242354029
1.1712470934673194,-0.022247794849210738,65587.36268423057
0.7508689887312598,-1.5628843453398495,46524.927728635375
1.8206461576468016,0.228770028928938,70102.83106875709
0.7307746911386448,0.9674662729250108,67284.08070503651
-1.5720402556532407,0.2929338234972916,30149.77613220487
-0.06695317289820084,-1.588897564178725,38690.28725820364
-1.172007192594816,-0.12380929432965958,35199.65014101482
-0.5182798423662747,0.7420289029794906,51216.38414524861
1.5112284332767216,-1.8779887659659078,51757.66436432182
0.637533810897696,-1.074766013817714,46723.51641028056
-0.6989304285787463,0.87654360408152,49016.31526591896
-1.013717366440399,0.27009543419728654,39945.749916359295
0.03278209287626079,0.41197158212675383,52951.846532293406
-1.2165601493811278,1.8594948076233115,50404.2285895121
-0.6711402773965811,0.4685527785062026,49845.89273733903
0.31200947155124387,0.6578880104331793,60259.00606313395
1.1553120361066962,2.710745527218326,87123.95655982195
0.6087614722244398,-0.2138045580904907,56860.606539299384
-2.2912895085981,-0.7978827636184951,18340.65700365313
0.3043667290302598,0.4277963982471327,56789.66442498906
0.07203357323257792,0.4389910293888949,51294.18915238915
0.41389028537269307,-0.5267153919462082,50470.081089393636
1.6162096816512073,-1.0323970195548475,62352.94358837046
-2.063238276804743,2.309844422090078,42265.1954623911
-0.5911034251911056,0.3268434703880229,45256.957735076925
0.5909063227933546,-0.7322853814020757,50194.93820780019
-1.5815943994539423,0.9159303022795986,40601.35350255417
1.475949048053509,-0.1091451515613345,67962.41288726128
0.3683566127006584,-0.25288144631783127,53374.53871283119
0.846583985843404,0.5622728719144933,65589.59277511825
-0.5709436615217945,-1.29188226823169,32757.74403705675
0.8137636899662105,0.3526272039171724,62882.51633472316
1.0684715559890383,1.9129548077317522,76347.520262924
0.23287802013716835,0.46617766219731077,53244.29457109865
0.23440089269869593,-0.3762121037834645,50028.23557763417
0.2703432392817259,-0.507105280428242,49673.262012363
-0.8633452647393817,-0.41033997334510935,38171.033889004604
-0.14752868024035293,-0.25396267804778105,48554.958136857065
-0.1525225324523588,-0.377806532758272,47502.27507600394
0.3833938643534951,0.9163114410745667,60434.18251089766
0.9998242469102946,-1.7332091032089831,47603.820584827015
-1.0585360819784093,0.862000050412134,44914.06886337823
-0.12500903031957764,-0.3796865251425611,49260.25645163784
1.4814555476589732,0.37694778569537224,73013.19766304154
-0.7435882288125641,-1.1269879102008638,33740.13371563989
-0.8222500172903203,1.328631066849436,50180.366393987715
0.20230619183119358,1.245634960171873,61067.95453661662
0.8443851904853201,0.9595905257500736,68992.70831689928
0.01142605556065933,-1.5147547757935393,36368.08256402806
1.3289605904369892,0.8291210710660528,72222.84112730184
0.8567939825665268,0.4048550876357089,63348.20156838111
0.8418200668900618,-1.6052712471325676,49649.03895930442
0.5541165013240933,-0.02429738377081549,55922.97299128307
2.327653100346085,0.3645344890332625,77189.23865856019
-0.2051616888660442,0.5560752738231508,52743.32889568638
-2.003522292066514,0.17726136694885572,26327.290651136787
1.604254361517141,0.2912314168473797,71644.85020964134
-0.45769943095682564,1.4736113922530956,56166.44091527968
0.10788044434303304,1.2260339099106798,60692.280617675184
1.309550684860527,-2.8670549537827434,43963.679460741434
-1.6022595410589253,-0.317438554837682,25934.079751062378
-1.2516472141061394,-0.16465102754395128,32887.50387294317
-1.6012779371188537,-1.7520985727269711,17793.933042434055
-0.7941362900254239,0.09418305823231217,40302.70182253686
0.43963660601699356,1.2487577724105066,62852.49138758302
0.524187842812771,-1.0865678595905903,48600.544251913634
0.27627417932855375,0.3364009386898723,57691.139607123936
-1.4127658838923665,-0.9158234772964378,25652.72876345559
-2.310103436632644,-0.6719120236796768,13962.194173266558
0.054353585390382264,1.477393634170035,63530.3467180931
-0.47177603363833576,-0.542557820111825,37508.39321331584
0.45938577171661177,0.46221248901062467,59673.52808795658
0.7019536262212701,-1.871218116060987,42122.50284905411
0.13824143205868192,1.8623175613948801,64817.67874721278
0.7601330853758538,0.602652446306499,63279.9515693427
0.22921137411506842,-0.18249984265026167,51015.59141353784
0.5300647056014667,0.5755465099998948,59998.836171637085
-0.7046732628698824,-1.4098194289478103,31148.420331301655
-0.17961141383145854,1.1825307417526572,56635.804900355506
0.19677609665695725,-0.3239847754964302,51239.72126341978
0.8205284754174188,-0.2040695150484347,58635.54533308677
-0.3937411722245721,-0.49165561496548443,40295.525203686804
0.5211672557321126,-0.5806514027455847,50309.88602107224
-0.265838791915379,0.6946706116284086,49896.05494147156
-0.11754216732813036,0.25590685010422287,51072.84855969645
0.829519042024073,0.6517481414030399,64636.33231463616
-1.993060371054156,-0.008794689485571452,22454.624739370287
-1.296472328074761,0.513199811077181,37744.35824256622
-1.4821853974428207,-0.41884874392503835,27511.434235403416
-2.3336161198483047,2.2297318414095484,42197.97768135272
-0.6782644401551767,-1.5679304164304986,26763.215468853923
0.7494338997277404,1.2609373235629844,66918.67918563567
-0.28488406638257474,1.3679074507209708,59189.60527383542
0.19779008194185213,-0.8521588059655938,47591.35527177341
1.0892174967107926,2.2292736105559734,79787.32443688884
1.3276861322676916,0.9954902829453182,72948.02711656147
-0.06913793472613955,0.9711390068229115,57863.80993269958
1.3535858895693973,0.028022187025876687,62976.55847562182
0.09212665843410921,-0.21722615821867644,46575.92010870156
-0.8373982238274621,-0.20940882703960811,37854.850596477525
-0.5944003521987352,0.3905305963195172,48316.276393365
-1.4805365125650163,1.4011862750338961,42789.45691724087
-0.8881338537336524,0.1813142178614196,40944.31268569026
-0.35801668807442916,-0.9114436231372903,40112.93466685455
0.8035850193786016,0.8244270623849798,69398.76383154027
1.7207698311659838,0.9211507463947922,77153.17123542768
-1.38218151537704,0.6546595284477861,38625.842957457666
0.39282746825991893,0.7454989065249826,63411.003703333154
-1.0405439391575344,-0.2709281301578081,33062.748776059976
0.47469708846320197,-0.9289891671305796,49805.82333034452
-0.1310866506877266,-0.8681934306407798,39953.93944807916
-1.8309058258475304,-1.635463248457858,15099.132652821509
0.9282969915684843,0.23694861154594976,62671.224220088996
-0.605000712808731,-0.08344878322659362,40635.38377943063
-0.5339002383735546,-0.43998770452970876,38598.64261179226
-1.06975241128969,-2.95561882434507,13932.642016143795
-0.6542832766875555,-1.247317469694169,33663.36991444
0.4278904406949172,1.1208406514031668,63906.80619478159
-0.18924434093640552,-0.664626000063131,42517.22964635791
0.32866200228248105,0.3605916776568414,57685.43854808107
0.3619218539288437,-1.3906854299752562,41760.15064782464
1.320661655528167,1.4387054823592311,78467.12248783124
-0.3427861508643793,-0.1440276600546764,45963.35955477965
-1.4768578168457318,0.2900403964835352,38503.46881784512
1.067222416571983,2.325779791881685,80848.7510480779
-0.3314881720972547,1.5164401005894037,57466.54003704598
1.114592444577377,-0.3065656212870578,62076.033171992676
0.3833771131824704,-0.5932201848703592,51083.42013259498
-0.13113753020334493,-0.3255450115195318,45019.35881533854
0.3487758940462951,0.5098982484765356,57659.75270097276
1.9510125601262995,-0.10522413425087113,73382.05390483567
2.076980529053753,-0.39524414500347166,70520.43682751527
0.0693811351327787,1.4671812507090423,61954.22264524316
0.1601905933170753,-0.11420989177783689,51142.99713663486
1.0762401574663856,2.2995890930373193,82805.50266112856
-0.8456610327673472,0.09074256375217302,39671.110192539905
0.3330703726182551,1.7853183942247275,65515.81493217088
-0.0258628479538564,0.3573194227106268,49673.30500496142
0.3139082114575536,0.9629605732494478,59581.463523427024
-0.8333688059494058,-0.7246110515177244,32232.93433916543
-1.589567493308969,-0.8537592225874118,23863.200161663215
-2.0729834359912918,0.4597059550149875,27018.526177827993
-1.1173841129896078,0.9885532424653152,43445.684144115425
-0.458675284939333,0.040256502000462865,43656.81976925863
-0.2931915866487618,-1.2863933350836971,35529.7924882733
1.9372311624295169,-1.360258366289327,64348.46351612427
1.1059933699072981,-1.4271364021862412,52847.75060554343
-0.9620911163416273,-1.767622112939381,24338.123823299436
0.34770845245095694,0.10948535944708751,54356.84488411692
-0.4070782363503251,1.1250439217080253,53465.56355252577
-0.28436383804009513,-0.013415786924808768,46971.92735304831
0.18532564941538202,-2.2604147573378524,35016.8433443102
0.6191711169753933,-0.19076046033454871,54542.54346187742
-0.33925848388401536,-0.1627989966326071,44681.227353752314
1.0638515327343585,2.0959987502254394,76486.77904162127
-1.141938226142404,-1.4571379129195563,24957.208659190594
0.006339062362268442,-0.3906776025991957,48093.871790491685
2.5976737265958323,1.7058526805445642,94398.80322318518
0.2230797426252751,0.44997834134654807,59001.57413648585
1.4332145066061728,0.5633130735164247,70383.22099625139
0.09152017817320818,0.11458443702387822,52341.07825722441
0.5807770953297967,0.32994353865726456,59555.136333216746
-0.056783194392691534,0.777609530278536,55389.03140835088
-0.17040758116420443,-0.8094863188927663,41307.73522288029
-0.7794823967254196,0.8780585789081998,47831.337415574766
0.4303013589575532,-1.3730030168855392,45451.530287601876
-0.8515371891857679,0.3283679728315381,44475.101866835204
0.6655852363134291,0.17874096328632716,59413.57517529553
1.08528700444591,-0.6162930881921079,59316.07345607151
0.36653140723722993,-0.022685275325646737,53164.24426484141
-0.28624873355569186,-0.6225401526655531,42733.62715509662
0.4539655793086961,-1.0717013268617444,45730.98905106992
-0.3086730555464126,-0.35361474161364437,45102.99530466609
0.9355471254651493,-1.1039886353716615,55710.61773869836
-1.8314060842151236,0.3227974640932481,30422.380870207413
-0.3356073681186462,-1.1500854941523635,33483.21239314623
-1.9908119951239978,0.7119770229910514,30983.962842573204
-1.495060830227205,-1.18147906792882,24455.25019527693
1.3638622298139094,-0.5662949155810063,62665.60261365672
0.895184981971686,-0.624603408215179,56118.76291595134
-0.7194802332847904,1.3251467288748389,53480.41356551349
-1.502503456040897,0.33028994561659186,35338.9582513146
-2.964528837841651,-0.21173380254439425,14558.371306721738
-0.5434955079326346,0.4987194410697233,48846.94494833665
2.4204150122474024,-2.107192347329688,64469.99204743675
0.4348842714636474,-0.043133589640907445,55411.73666629589
-0.5595722860494895,1.9975141778047627,60623.135092085155
0.46508020950030626,0.13234650640267256,56179.043955596375
-1.5609583529944429,0.0679131691693355,30909.61390008286
-0.29732336269763543,0.5481283796421961,53377.2981453944
0.09947747301573849,0.8956052433143455,58682.87863718766
-0.08610065182104851,-1.9974666928898597,34194.37948382211
0.7908061216900806,-1.6823264817910268,46216.671627569835
0.34464522623605237,0.21029129108614655,54938.29956714186
0.668326018107997,-0.7148765618975097,52317.37406098949
-0.6883722822307594,1.3120252622199142,54389.72573764177
0.8978154084105481,-0.3151743898852239,59085.24989326392
1.6289369476239914,-1.9345307357131178,51503.78774618727
-0.9701495196514126,-1.268013916843997,27891.227744566837
-0.8876956557145598,-2.7496760196305754,20023.684663437747
1.3357843363202329,-0.23412553728291255,63835.71244480455
-0.19134398669506028,-0.18838412726438336,43496.081103942946
1.403821392066557,-0.42446270978189776,66289.72835467733
-0.4425357118921839,1.0788790390297387,54344.1925342509
1.4550455762707113,1.1985198365166936,76943.68631916288
0.13148581680545218,-0.1703884233561112,49657.595810693434
0.2582288233226952,-2.134693667476856,37644.724434745105
1.5647180216699044,0.6172815804922585,72901.89380363763
-0.36177047744417123,0.5553602285085755,51824.02073551253
-0.9411220959249583,0.309391570156945,41994.96033874244
-0.44856420802835434,0.9814797493081158,52836.0903863557
0.4523339506431387,-1.16482809646104,46327.65484403273
-1.5657590721805144,2.008755386185139,47018.48216824367
0.6374709026511215,-0.959427753141868,51542.68898699241
-0.5387713176177432,0.7492229272008546,48230.513358041164
1.1478126607335635,-1.6873476944133516,47842.082683250635
-2.3942603049004716,-0.9302646872700508,14748.419027372645
-0.7865657751041687,1.5163686467253361,53639.01736465338
-1.686468151234102,-0.2608998230008499,28395.545329951627
-0.8262294663639526,0.8399226051327979,47416.21979912201
0.24766590110894313,0.2369553887192461,54386.82335555497
-0.1792266254497549,-0.10495815600017268,48190.83930317985
-0.25337756894801494,1.3638503249326897,57801.93458195353
-0.1591848713800608,-0.23665882465190033,45465.8406050013
0.20338824061994343,-1.7807381075634705,37726.91705854846
-1.0085360419431078,-0.8032400919517051,34502.60630923281
0.7068496408990508,0.5511917287016942,60289.265397334006
0.6626659703854839,0.39550910636250813,61865.746651969566
0.385037937656101,-1.5670582502354382,39565.32360855413
0.5565334427512632,-0.724342519408201,50721.311150265086
0.2964180008086595,-0.5817213492022466,48252.80398835466
2.0350733027310675,-0.365469594114225,68369.58043483918
-0.0870941710525099,-1.3759135886015514,38531.117624208106
-0.30708321833457675,-0.6283711081194786,40717.97542174096
-0.7535275803573779,-0.7286104852595274,31979.97563979338
-1.0322626705778368,0.7715332597619193,45044.46616732269
-1.2444717876010754,0.8091213109902438,43691.81830369245
-0.8887973132309185,-0.145810458088816,40403.13508996331
-0.07068038165207131,-0.3920397958707315,46553.95171418649
0.3342951284977145,0.1399243120391134,55200.02324615116
0.051142058552161786,-0.8165751074555749,46073.338774325035
-0.765535277429713,-1.146832082167441,34162.495391514065
0.9001845640199633,-0.9402212089257169,54980.79815114726
0.7394126723009475,-0.6348131639714567,52382.140352495015
-0.159648307422017,-1.163473799792271,39078.447192420004
-0.652916144664712,0.16205955906287475,44120.756952963595
0.5484279208297995,0.7297156737837084,59704.43498685142
0.18797358748610446,-1.5870983007982418,40262.937632878486
-1.4481272594150476,0.02512871121603335,36232.99031571678
-0.0679802559844049,-0.21993579526633558,48384.65481475765
0.26203581207438104,0.3415086855368029,58086.61885134963
-0.8996947864877538,-0.012938768103588062,39374.524512511314
0.189843392837443,-1.4535992799316308,40539.49898862054
-1.4548224852577891,-1.2623892988571654,23014.922871170675
1.3361861000121709,0.029423575584972723,65045.88183284918
1.2479499850594318,1.0287809197455093,71759.98439782568
-0.25251733430296475,-2.214187371043003,31155.749855774447
0.36345433783907316,0.34572657980157995,59185.77820678129
-2.409921965799875,1.1896220052876432,29111.252979321616
-1.1563476602653329,-0.1530258762062131,36351.619273997094
-0.2937789201521298,0.5502024960264408,50745.832962976936
-1.0721330214268592,-0.7030690808978022,32019.56395743092
0.7143964826306588,-0.11936619927687682,58308.15615650549
1.997296530747994,-1.6209135183081516,62491.775924697184
-1.176614719429302,-2.344343308418874,17249.95420229217
-0.8374634040851927,0.9427658012252752,49607.80855373279
0.23544836830993032,-0.9849949277244419,45409.54025756352
1.6111161484996208,-0.4555278450034305,66625.4474306723
-1.2223743125399031,-1.3864422532701932,22990.076336053746
0.24903612230694197,-1.4099697030838758,44946.664359069546
1.8212988508131087,-0.17383770009461635,71169.62199380783
-1.6517591481792673,-0.7295771941356465,25411.76880678127
-1.281069206845832,0.37797099799469847,35238.65878499029
-0.42360660646083825,0.4525384189795919,47302.975039688026
-0.520588412855411,0.32084964632460716,48176.56174821002
0.8126012877536446,0.2386007909284437,62090.35845791019
0.24165971982083806,1.5777682049318862,62651.39267506176
-1.7749620596421283,-1.067593769044886,21717.140025411103
0.5154104029008109,-0.05493486620291775,54929.77169865731
-0.5775388873556505,1.1326898205195888,54248.02739470397
1.274447216941239,1.2645398093380364,75277.93156009361
-0.6275875364369197,-1.4217636493445729,31401.900397031175
-0.6366152831022357,-0.3123554416558699,41630.204937413684
0.5411316108045314,1.3581210958672605,66012.30864031047
0.7629264823369366,0.5080791051990653,61730.48041788485
0.4480993639362036,0.19526303147977275,56644.548988475464
-1.6855973173848082,-0.21768469343465674,29272.11384333688
0.5380344399282511,-0.38380092570774543,51389.689994556815
-1.034308051674399,0.2882190630903242,37392.00398479616
0.2352761115882635,-0.25237412498448336,52039.901729748985
-1.4237344353990602,-0.04257862104444418,31670.090338005215
0.44632214754306365,0.07859870611503737,55396.31640005664
-0.8065989043073726,-0.6780715284934992,32111.025317453285
-1.2826346502605217,0.5321293738814383,37846.95021639727
0.7138201364823995,2.9142446484154196,81868.44788016542
0.2416445216767513,-1.7769866393260751,40079.40793194676
-0.6139768013928971,0.3240125241899799,44067.533327453115
1.4511788490210642,-0.7601900886189056,63818.68965965026
-0.44065242156974244,0.57740257751925,48304.557525047385
0.03210767397093466,0.04655747332786092,49733.11417189634
0.2689134476786009,0.7618547740424635,61627.835892329625
-0.6196659341286136,1.1755065765087795,52285.25163107275
0.47113629339992935,0.19242111776818133,56364.967369427235
-0.5334523471647244,1.1320522884141782,52422.29044456584
-0.4116383222162092,-2.3442978937886774,28335.567349409157
1.362642639803341,1.5904522979160232,81274.6342904068
-1.040586052512433,0.3750621518923401,39288.274816084144
-2.41278033092949,1.0778433557451819,29605.732159688912
1.6109369950118944,-1.2198757448415216,59707.473222911925
2.549327952607003,-0.8307698816053357,72466.41621266646
-0.40526926544933184,0.14593829414477413,46220.747588791215
-1.9368380406201853,-0.017037889337463016,26629.624688535623
-0.31048397619594376,0.2830685880099896,50249.0552081337
-0.2862229498406692,1.0845151609299661,57052.5834318185
-0.18992384102225704,-1.7652203153028492,33105.33728777161
-1.1133880419218483,0.9738190717173091,44108.96635488508
0.5795611424764774,0.008281909957927018,58017.4274424646
0.5245073752860862,-0.20378186112454774,53786.05094104614
-1.4944056198193065,-1.4711152343848903,21181.170914695304
0.6991967316948878,0.503048668376865,62282.89039629975
2.052684981945891,-2.414107851031037,53865.259108494465
0.17196033243705985,0.6483940112387127,55815.42100983495
-0.33732516206850605,-1.492105835472992,36185.83941544064
-0.1420032144075213,0.053457912617474034,48488.99250933459
0.6152567669685612,-0.11916883732792043,58890.26164584684
-1.7306716055072182,1.1695381472938837,37817.791521192084
0.16439070297730224,-0.17865516901389017,50980.25488531375
-0.3904639494628101,-0.6941385611456656,43350.33920180832
1.8478250129560454,-0.506602695971203,66534.998470708
-0.17417273380495787,1.2728827687546636,55246.26759452815
1.6678876111195198,0.5362969691808936,76234.91228381224
-1.1037406977820072,-0.3856299815231613,32429.858116341013
0.5872591668027922,-0.23644641996451343,55124.47909575805
0.3194002637912288,-1.567177090585447,40416.509125133794
-0.8690472478647824,0.388474200851541,43081.47080386792
0.17739611463694044,-1.7598157076954657,36624.42340330094
1.2125188368316004,0.7517964658354561,70294.6876368379
-0.3237917042866007,0.12862159249126584,47818.19527832572
-1.6919626491697632,2.3869517995739225,47279.59927714282
-0.01756282647744591,-1.1001355537243058,39938.035608007376
-0.9024230947925126,-0.10266209104063294,37828.551883766995
-0.3423409386638824,1.7982877009230627,58134.98719207849
-0.08158776968512098,1.1913896402914144,57918.222411911745
-1.7056522160155172,-0.6962120515798997,24140.67180502895
-1.615658339320678,0.22396742837344774,31804.5159427568
0.48206683552552526,0.001999356415087233,55393.73213822941
-0.5227186961696804,0.2819558673941572,45953.17007875722
-2.564744341820567,-0.6986804359848298,12650.009216626087
0.7848440366081351,-0.08932040270073452,59740.159066492066
0.27236975527423984,-1.5980523752767137,42637.98524827983
-0.713874824036484,0.13512345186808206,41817.91913821368
-1.3168302110582415,0.45002067342183205,38526.00020189232
0.8358078963143372,-0.227419412643884,57850.913721469005
0.3493506225604296,-1.6150508905847878,41820.031363604605
2.3826022826840734,0.9885318628514624,88848.15159182546
0.42018859872493736,0.3645250379928023,58721.45280316881
0.3877031412620148,-0.7260150977009768,46184.19510532184
-0.16692793010856513,-0.28060044683806395,46433.054711163146
0.816775867200791,-1.5006694027818388,49645.2507991183
0.6250852012481537,-1.0254101277779044,48965.34713775745
1.251725008565195,-0.5378113463571395,62211.66154110198
-0.5213229186372847,1.2284208122801512,52536.31816286587
-0.4354074729439623,-0.6395033908874757,37430.774458289234
-0.4791031709119801,0.6402136593287587,49584.22475193527
0.7908017211789892,-0.5383162028615798,52548.375950135756
1.498374440296732,0.24794756085187486,69604.4172510354
-0.45884049314930064,-0.14139550214380217,45293.01345902623
-0.42477372779309125,0.8730566000927434,49022.52370860543
0.3140772238697992,-0.5348113382185579,47571.19078681828
-0.24576150001290142,-1.572528250002441,32922.58763208328
0.95205365313989,-1.3819490313636327,50274.071797203185
-2.2517772906190467,-0.5318774939427574,18175.07738256007
-0.8267050469168946,-1.2490599706780527,32185.764244116974
-0.7824163339614458,0.4102120156795513,45324.22261153661
-2.320356012386145,-0.4657681648580778,19172.491951604534
-0.9636384443688041,2.3746065500264315,57651.63653930164
-0.9151561158459262,-1.737714595137132,25706.25451422907
-0.20110465451883033,0.20363317870980122,47922.836042482384
1.1129658916602636,-1.127953023505669,55617.78204221273
-0.24506065119070236,-0.4934013403826786,41443.99508111134
-1.0308137202711538,0.14141947334054417,40014.65663432385
-0.056954541213528984,-2.325371374874287,32492.788259621604
1.0491736214413494,0.23682611678802748,64800.98929473254
-0.9759588161149049,1.9029074622741677,53247.43431637152
-0.9105748839214486,-0.45343829836859284,36046.05986845839
0.5585489592742234,0.2598078568055095,54488.772810583745
-0.22153611573080054,1.0249216931253993,55994.32748396178
0.6474846907094743,-0.16395350002699655,56288.15729153801
-0.013646791795296761,-0.5809601885314832,45112.61482061909
0.701663648089567,-2.2757364037217522,41273.871316647535
-1.0350781140406409,0.6409907193949733,42594.835004325
-0.01208465078826744,-0.11316840972889723,47239.32662773287
-0.21069001436315682,-1.0126838513881617,39158.14501029876
-1.2158909241041307,0.12659671027769356,36523.41581909322
-1.5634779478686884,-0.5836803568061814,26741.222638497806
0.6857490352746618,-0.5284261311155256,54244.45842529934
-0.3509523822179781,0.6062911561087082,52197.95422963176
-1.0222802816473295,-1.3383824113238445,25396.525500090072
-0.09617893692333225,1.0473152860737585,57487.92572975736
1.1280188573493026,-1.3976861631184037,54289.63153117176
-2.280737845371923,-0.6627014083552638,14727.617343289021
-1.4966386899033264,1.9229461940665773,47693.37529486279
-0.9228864418952676,1.1273547616424222,47066.1330374366
1.461178866720329,0.09760399249544019,67758.91276389781
0.2825869829192965,-0.9405302155012165,44509.590816200194
0.7673172404612268,-0.5292723066998932,54719.30235838491
-1.1401609191262305,0.0732753145856964,39666.154908811164
-1.1195358752705262,0.03752323233959842,34969.10981370465
0.4478137167227104,-0.09087092962596285,52892.38215994658
0.05827433093544655,-0.03083251408418433,48499.73000330663
0.5487388188641266,-0.2143751097051141,57460.99237867075
-0.18767099092845213,-1.4419787356400129,35518.608665456544
0.278143726454627,-0.5165107421608328,49167.18018964735
0.15811908490510918,0.9146240539868465,58610.24703909672
0.7777673890849254,-1.3683342975511175,46969.89997100553
0.8070082819444706,-0.18955551153927852,57814.92932109777
-1.6198719943917699,-0.819753928770844,27690.870045736854
-2.2472685553408556,0.11135042939811132,26011.687152556005
1.0017453976515072,-0.38863318106681816,57632.47259659514
1.1877250932619365,1.477393664974669,77043.21159353311
-1.0206230195133374,0.5065831541902538,40557.90484036241
-1.8598354065456286,-1.3118031657772113,14522.998336965433
0.09903482100720092,0.6712280116136986,58087.50832149295
0.9308382263505294,-0.774651856262063,56712.98313607517
1.7975945224343146,-0.5769963713775336,68524.24167476335
0.516297572101451,0.3138190201071218,58001.32515224503
-0.37171669658569495,-0.49174741973013475,41355.25668212761
-0.8931306215848627,0.8928558163229553,47549.92740205248
0.011451291670654416,-0.7745100615133954,44528.57906396285
-0.2992647038852564,-0.6189465525913632,40866.79492570046
-1.0150679057288161,-0.6563708935481088,30139.610252692088
2.0487556508632867,-0.5656387483550389,70230.77061473214
1.785168402072131,1.099191555547813,81834.06772810225
1.1360486835554284,0.6287962936103031,66866.57211799633
-0.9208503978091276,1.709943954012071,53587.485930901006
0.8550193242972788,2.2676442038992546,78898.69806546193
0.6396264094979018,-1.0307170319323398,50555.003053364606
0.44254562420405297,0.07041912732728889,57181.86375864546
1.2496652670437771,-1.176200316643433,54544.68280848983
0.6353711428612774,-0.7776059277482671,48978.16719210177
0.7400142363043355,-0.6300825102556694,53039.231465082354
0.6369062833722101,-1.0571548741382744,50519.327383650845
0.3407914080021059,-1.0518872728984137,44861.39285754901
-1.7836111297141835,-0.14428437852025486,26401.326429481298
0.08362107741055723,-1.216718418386407,38537.680068948466
-0.5561919588491252,0.8421269591376328,52691.68349873797
-1.2798409576400205,-0.9177535374175142,28538.45067111761
1.681816619300824,2.809568970096392,93813.19516429318
1.7289953408857035,-0.45138445096439517,68588.4565630825
1.359220600295612,0.07201764191705222,67751.85088119887
0.2552134168558746,-1.2953411844660352,42333.33824377292
1.3506251209526567,1.7060917581276394,79610.58936026969
0.012053180601825543,1.1195006808029162,58459.297066757055
0.20279727689777938,0.29691587073611253,58761.00542028475
-1.093471370461983,-1.3468025487795656,26937.791211168846
0.39699130449884,0.21066687772462028,55753.530013755895
0.0603859284244171,-1.121431046017255,42451.42793420439
-1.3026521168344645,1.4623552634733608,44550.71332898884
-0.051197111816596905,0.8091947318531727,58115.952590910056
-0.07972956385680847,0.09543903848773612,48815.15389790948
1.79756116664464,-2.4363756632473224,52831.356842690795
0.8942133285134095,-0.9834159786590306,54462.19855750337
0.011445439091466015,0.6877611315998724,56216.58713820406
0.248787309801083,1.2128836917231558,62830.222239127696
0.044212378104198057,1.1091698114921316,59420.110156471455
-0.20291398479554773,-1.5920130022414554,34744.26651919112
-1.0824271973882869,0.30155230681290407,38558.24435245253
-0.15105187760692926,1.0155152164829295,55637.27405592573
-0.7460982566525134,-1.6583355655822452,29999.521955988283
-1.2503155389231464,-0.007904515373236347,34770.172460908616
0.5112218145475347,0.27384239830845625,57146.7065569639
0.39126465993323495,-0.3007645848467349,51514.61284513268
-1.786707511368078,-1.8521618554012016,15392.771041419288
-0.12268463749512722,-0.3256981100737287,46935.60941921536
0.9957013858999235,-0.327305430255024,60170.46695610727
1.0592237388963208,-0.1480724045477542,61139.823832009126
1.0258368428852387,-0.5634714254250696,58662.31441648173
0.0389132069014598,-0.4430121532414673,45957.51956945981
-0.8450453279691511,-0.0397062823469779,39152.3847585757
-1.0836988273580606,0.4424546049697111,41989.95764254858
0.3446049047503575,-0.3044267628566672,53011.26127252955
0.379280034365163,-0.4096489283680019,49801.30421651173
1.2873311116050654,0.09235403825445808,64903.51596593359
1.0999796503420836,-1.9209159258951816,47995.48162616367
-0.1322286565311721,0.4770351272264581,54818.73570144186
-1.2442058788608694,-0.0005630971229588082,32191.67692998241
-0.31910659701089783,0.039693526597561826,46905.76845800548
0.21723119481052466,0.960734307594464,58228.58380112228
-0.2020832453894041,-1.9528155300482481,31000.980324652846
-0.5778941080776558,-1.9738338698589637,26727.957117100057
0.2528848149698989,0.27380384532351953,54594.286027071605
-0.5039577414106104,-0.007116855128515773,43094.87835255574
-0.628066083725374,0.17017694319193222,43835.433131395526
0.31145283430343956,-0.46212707517244556,49237.53406031584
-0.4019925801292048,0.6643536742399312,48297.23235508776
0.24410438897835213,0.93263884299112,61560.167830453356
0.2732040228521227,0.48398229395152703,58279.614876561005
-1.1394290010915746,-0.26082845840458313,35504.985784698445
-0.4812411238654122,-2.107689387614403,25052.489668303708
1.4377769399164624,0.7692362080371281,73855.59017217079
-1.1620795127342871,1.2217286662175928,46842.84346063968
-2.116654448970531,0.64455841198398,28209.81080556609
-1.8618451532425115,-0.8796424273675065,20634.478614423002
0.029109946576669203,0.6737943936677578,55565.274540296545
0.03091727803269891,0.8605297079614455,60018.47098793635
-0.11761085542512094,1.5588162477990857,63945.94377281009
1.2141898289285016,-0.8761099242279576,55064.863963323056
-2.672834433102938,-0.22645458454413847,19855.24063500362
0.3959338744308236,0.7472720511434552,59356.54432058754
1.5614382018035733,0.05741007143815779,70667.54893463929
-1.127780764891714,-1.1173276020512748,28983.75697618483
-0.3798065117898951,0.414616285026703,47265.716798472175
-0.7528919172286209,0.5786616338151667,46334.49175453653
-0.8943460460775288,0.08796289633100199,39810.25000131858
-0.32626200502304,0.21958492717994416,48673.03036411166
1.4274852836845047,-0.25870590168573016,65406.18464429915
1.8373866754875203,1.4782789357160593,85669.38081963408
-0.3359392250401477,-0.9006921837126766,38876.29114453591
1.9050602140644701,-0.5873207627637789,67910.34536252393
0.035576476984624864,0.010985513527525621,52158.89818162147
1.753691026701081,0.8789540277008926,78946.51848930803
-0.09329864965349177,-1.4973731700945367,37999.15093488313
0.1310578260461443,-1.3102967497654392,40093.439906042324
0.36547447264283456,-2.037728507734718,36515.97143773856
3.1788536793675353,0.03269522525327079,87556.22273955753
0.8512855748447891,-1.1183058172065439,50337.74828196424
-0.7072645299514636,-0.3845501100179167,39615.72366341847
0.9689978702758579,0.661378189891708,68382.97603788505
-0.3618325370843415,-0.6415427207828466,40292.97235442653
-0.48975018290120914,0.23128202274336457,48119.63251536894
0.9086013598921112,-0.29933790775172203,60561.21714733926
0.031085587771152785,0.6721143150964368,56115.03994862614
0.2785759145118061,0.4751280673480088,55911.09785561119
0.013985221865292462,-0.69193369617461,46995.41806713994
0.3365831266054347,-0.16865175340045263,52598.25746551899
0.4249658974361492,1.0437433977204944,63638.785745644214
-1.9369669327054153,0.393376870254097,29394.00423115794
0.6665726686095336,-1.3969620577511315,45488.49007185956
-0.9820194198303006,0.6556180611713827,41257.75230593451
-1.4422991355594112,-1.0846106224362382,24964.82787913309
-0.05841124385868244,1.412513069961006,59424.06805253893
0.08398100331445427,1.024098839841025,63789.85960199688
-0.6935061645722808,0.2898854759184008,42367.89945856112
0.8310318576679744,0.1572328434361934,59344.17132703319
-1.342175166370907,-0.20903225602742,32986.84802874992
-0.40694374877255896,0.6785239514000281,52838.83684438046
-0.5848741349330007,-0.37077816946206166,40112.16951052233
-0.04658727033933937,0.23556987063989387,52183.87535132799
0.2788642846472388,0.8719343665194511,57556.52522173441
-1.0078929496235447,-0.5618065435255897,32394.5649377751
0.7242826774562282,-0.6161927399906946,52151.426615842836
0.06300236833469973,-1.194365480724459,38358.5357992989
-1.8919462533119105,-1.0644727461261723,18956.333342283528
-1.958591440397031,-1.8283953114415024,8505.498791287959
-0.012319292929311235,0.7298287890155296,53707.50484784133
-0.2209673177863541,1.8089145420827708,61013.91783220579
-0.1034201135746335,1.4253289434703056,58914.66143094023
-0.02798245653021798,-1.6260844886265164,37250.14736593585
0.22555983951018072,0.7248546715562,58963.92573442549
0.9476496098482997,1.4221063499235564,74089.34423647122
-1.1111049009175582,-0.456809980738664,34140.836942149
-1.1719715929007948,0.10144743065004946,38459.13951443293
-1.0933238578873825,-2.0078930508046704,20814.091698900465
0.2889166671687069,0.2667361679766415,56056.08970106262
1.2449473786464456,-1.0635597294347174,57198.16126115839
-0.4313394382395105,0.19963501791151453,46633.49193050453
-2.5016998441596545,-1.5612029221888803,6894.187027697491
-1.7039928626103755,0.5428582244775959,33396.28764298661
-0.8330367227960116,1.0245126754266898,46973.32313236644
-0.5577288874952148,-0.7831798617151676,37674.23970120083
-0.4083886272547264,-1.1369225814104345,35862.933060532065
0.038581122980917065,-2.156023042549981,32220.028509416006
-0.3117463308224471,-0.26641353407517704,43134.36852854233
1.0493396105434072,-0.5815939342816051,56123.72576059386
-0.6760173056813688,-1.5510194123480547,30947.89904489494
-0.862317959475543,0.45301875631217164,43394.26104108854
0.4788755385204616,-0.44997038186464916,50852.54337796844
-1.5356420699261193,-1.0757359586452324,24179.22911612774
0.3896917053200022,-0.5545724056404471,49399.04800402489
0.10255318372626686,1.0713045389296156,57691.323575633774
-0.1474424899181674,0.6029369437552222,54586.01910485247
1.5882761071492624,-0.13002606149848983,67213.45930945406
-0.6222074452947179,0.6191050184648526,46873.002168869025
2.0602981705240784,-1.160911956386739,65498.05242571879
-0.2254314492280993,0.03237010072703053,49267.667249264225
-1.2770164449702281,0.14732233048647056,35884.4372405485
0.0699195809948253,-0.4698365084987269,45281.66721473024
-1.0762452003187681,0.43545833595741784,41384.539790002396
-0.7517558478135002,-0.7804334546444512,34007.977602689796
0.39703330001549114,0.5098207077761179,61674.85121968904
0.5555820886501248,0.5518587715312919,61080.175653055005
-0.6221677002542582,-2.917159880697066,15844.155304524373
0.9874051450464006,1.1903057035101177,71907.35482687126
1.157507758021134,-3.047632565352754,42425.92926182191
1.436301756563291,-0.6160490255561253,64671.10930712857
0.5294134071257222,1.025348034257755,67302.17659270555
1.3634287120856987,-0.31728672525244067,62293.21046493665
-1.8807984279740577,-1.466185982469542,17069.15959852014
-0.31790654862846257,-1.0937370617166706,36352.23311312002
-0.8670052563234263,1.0269057463206197,48147.61699380923
0.11922586112739209,-1.9215045305486382,34149.24544603
-0.5714492191967373,1.1289911009620173,51207.85453001122
-0.16615784194973238,-0.05510209904228934,46550.91905821948
1.8821748802040494,-1.1923953304424335,64394.76883912304
-0.1697197964203783,-0.5831150723026911,44499.52054703842
0.4137923171902139,-1.0172243411016413,47242.94267146566
-0.2322693299242352,0.8662252008585286,52116.93752069432
0.07571328795683367,0.7324278097628383,56300.52278266013
0.006016680436071459,-1.7191611338760466,35199.736369810395
0.4483240659731595,-0.4035921185193341,53455.66547856498
1.165307535547177,-0.8631856623442771,58845.48240703768
1.6473939976033294,1.2935099684593703,81701.38609796122
0.30962008190916684,-1.350099118126421,41781.81890877311
0.5895468860356021,1.604229104685014,65799.09578647312
-1.150864509185567,-0.033294739516937566,33272.825126442614
-0.08787674241562057,-1.1619344063800876,41782.44430709516
0.940289464883589,-0.6772741840092779,55263.39769754911
0.8659686384171532,-0.8016188407684506,52852.586007460566
0.21160973279505021,-1.274618402015506,44806.36001757091
0.8863939595679524,0.09482685973037566,63293.082310890924
0.49076670899381886,-1.2279155506918433,46102.54918527076
1.2003062582593216,-2.1803662087381888,46520.640792610386
0.2893591569571111,-0.3796764708481731,50236.746297480255
-0.35569831557103465,-1.8028561964178826,31649.514839385727
0.33584125693302364,-0.7521608680675204,50412.87906063554
-2.9305943758527757,-0.9091028886033559,8193.745517295687
0.38288573638504947,-0.8712160720258142,48713.94380997279
-3.6484128252147836,2.0009631015901537,23980.65607374908
-1.723463407405418,0.05641156716957076,28015.217646954923
0.45176860094098414,0.24537100899533215,58516.484121965535
0.47752933726679525,-1.7763982963422946,41077.31254447078
-1.1624287801399305,-0.6539631336369219,27045.006775566304
-0.7121020418789388,0.21530262994151197,39984.94222400612
1.370540988614132,-1.0245289129130064,56723.084142787506
-0.48403013157267616,0.9080628435179854,52252.97601216064
2.242920312402985,-1.2026965859010301,67464.17040963803
-0.001919853176346149,-0.2863661358651756,47962.58273572594
0.4080361768812668,-0.5860516399755586,53134.43622680077
1.6168743984986076,0.16432065938191598,68813.4236347489
0.13102711619341956,-0.640490071855426,46407.25478820204
-1.0023439806908012,-0.27089362707093734,36261.37649936361
-0.10972745169429012,-0.23613009177798555,45689.82017063713
-0.03561073619009093,-0.734387757391301,43740.05922421291
-1.3647416522015654,0.48509386849711267,35103.9271204316
-0.25583207134082336,0.23838837483742528,50951.98146852206
-0.7421920939974367,-0.0886139452531673,39362.361481209766
0.9243577571874341,-0.4304583334619581,60695.7266657213
0.03461187418525562,0.796544030519997,56738.98324850686
-0.28279574914757005,-0.23583424381418136,46261.85740781448
-0.10618193062257626,-0.3066972878259372,46192.28422643485
0.22312201840616613,0.10469002988812601,53468.86871158821
0.6168141996897798,1.6965866829708507,70098.41986021116
-0.9997122286693814,-1.340356208021204,27459.28948584721
-1.0415876326212719,0.7698568930553547,44136.80159460865
1.10467921540253,-1.893171161238105,46934.393531552756
-0.4123368722047306,0.21727315822862395,46602.5761755824
-1.416842092596874,1.5750828276087308,44683.40921062169
0.44381270938310463,0.48866852446730713,62684.59681275797
0.4633698060326869,0.1706250785397928,56790.842145843155
-1.5307152572567064,-0.5604494688030756,29465.66939003976
0.2294817154636063,0.03104720048855424,52708.72469326018
0.7355830924283736,-0.2520628154033563,57199.426048215995
0.37438645170626306,-0.7859766079313554,46222.77844955641
0.6319814837613953,-0.28987561547486984,54594.163993535985
-1.404269098090749,0.19838116062643954,35051.6221141064
0.3310401549961956,-0.7672170685306403,50213.75105814903
-0.30261975947044656,-0.8062818206846841,40251.28248739158
-0.4827901587246448,-1.3602434375921744,35400.15113635636
0.8705556094197265,0.3907250260888961,64533.56118705227
1.47927451067423,0.5453232619670604,74554.98223302426
1.794370054600359,0.23166044423651747,73297.16088313886
1.314807871505905,0.9651704927286658,77084.3924658779
-0.10973418163018368,0.08786763708072752,48658.036612712436
0.35272016302634307,0.3920109373657567,56219.03670394567
0.7668228717842437,0.30383742563756283,59817.49459197788
0.12117794929946196,-0.09154001941820787,54218.352243584995
0.13076418791154437,-0.5308218281296473,48551.766988828196
0.823753131876182,2.214152615791911,77097.077408779
